{"cameraMode":{"drawMode":0,"name":"Shaded","section":"Shading Mode"},"sceneLighting":false,"audioPlay":false,"sceneViewState":{"m_AlwaysRefresh":false,"showFog":true,"showSkybox":true,"showFlares":true,"showImageEffects":true,"showParticleSystems":true,"showVisualEffectGraphs":true,"m_FxEnabled":true},"in2DMode":false,"pivot":{"x":-11.249168395996094,"y":1.1265275478363038,"z":5.405930519104004},"rotation":{"x":0.05691123753786087,"y":-0.8159803748130798,"z":0.5694666504859924,"w":0.08154547214508057},"size":1.4046419858932496,"orthographic":false}