{"cameraMode":{"drawMode":0,"name":"Shaded","section":"Shading Mode"},"sceneLighting":false,"audioPlay":false,"sceneViewState":{"m_AlwaysRefresh":false,"showFog":true,"showSkybox":false,"showFlares":true,"showImageEffects":true,"showParticleSystems":true,"showVisualEffectGraphs":true,"m_FxEnabled":true},"in2DMode":false,"pivot":{"x":-16.149999618530275,"y":2.0899999141693117,"z":2.0299999713897707},"rotation":{"x":-0.00928083062171936,"y":-0.7642419338226318,"z":0.6447708606719971,"w":-0.01100219041109085},"size":3.535459280014038,"orthographic":true}