{"cameraMode":{"drawMode":0,"name":"Shaded","section":"Shading Mode"},"sceneLighting":false,"audioPlay":false,"sceneViewState":{"m_AlwaysRefresh":false,"showFog":true,"showSkybox":false,"showFlares":true,"showImageEffects":true,"showParticleSystems":true,"showVisualEffectGraphs":true,"m_FxEnabled":true},"in2DMode":false,"pivot":{"x":-0.40953001379966738,"y":-0.2637951076030731,"z":0.11065042018890381},"rotation":{"x":-0.2366686463356018,"y":0.6378330588340759,"z":-0.21549172699451447,"w":-0.7005138397216797},"size":0.5832041501998901,"orthographic":false}